{
  "resumo": {
    "status": "concluido",
    "modelo_base": "resnet50",
    "modelo_treinado": "/Users/Araxa/Documents/tccemanoel/sistema-paineis-solares/backend/resultados/cv_resnet50/fold_3/melhor_modelo.pth",
    "dataset": "/Users/Araxa/Documents/tccemanoel/sistema-paineis-solares/backend/resultados/cv_resnet50/_tmp/cv_fold_3",
    "dispositivo": "mps",
    "epocas_treinadas": 4,
    "tempo_total_seg": 41.58
  },
  "metricas_finais": {
    "train_loss": 0.1301970174536109,
    "train_acc": 0.7741935483870968,
    "val_loss": 0.13183728605508804,
    "val_acc": 0.7333333333333333
  },
  "historico_completo": {
    "epocas": [
      1,
      2,
      3,
      4
    ],
    "train_loss": [
      0.21299349889159203,
      0.14518755860626698,
      0.13441694993525743,
      0.1301970174536109
    ],
    "train_acc": [
      0.5161290322580645,
      0.7580645161290323,
      0.7419354838709677,
      0.7741935483870968
    ],
    "val_loss": [
      0.15034819021821022,
      0.13877755403518677,
      0.13534513860940933,
      0.13183728605508804
    ],
    "val_acc": [
      0.8,
      0.7333333333333333,
      0.7333333333333333,
      0.7333333333333333
    ]
  },
  "metricas_teste": {
    "limpo": {
      "precision": 0.6,
      "recall": 1.0,
      "f1-score": 0.7499999999999999,
      "support": 12.0
    },
    "sujo": {
      "precision": 1.0,
      "recall": 0.5555555555555556,
      "f1-score": 0.7142857142857143,
      "support": 18.0
    },
    "accuracy": 0.7333333333333333,
    "macro avg": {
      "precision": 0.8,
      "recall": 0.7777777777777778,
      "f1-score": 0.7321428571428571,
      "support": 30.0
    },
    "weighted avg": {
      "precision": 0.84,
      "recall": 0.7333333333333333,
      "f1-score": 0.7285714285714284,
      "support": 30.0
    }
  },
  "hiperparametros": {
    "batch_size": 16,
    "learning_rate": 0.001,
    "weight_decay": 0.0001,
    "optimizer": "AdamW",
    "scheduler": "ReduceLROnPlateau",
    "early_stopping_patience": 10
  }
}