{
  "inicio": "2025-11-20T11:12:07.678877",
  "configuracao": {
    "arquitetura": "EfficientNet-B4",
    "num_classes": 2,
    "batch_size": 16,
    "num_epocas": 10,
    "learning_rate": 0.001,
    "data_augmentation": "5x",
    "n_folds": 5,
    "device": "cuda"
  },
  "folds": [
    {
      "fold": 1,
      "tempo_treino": 1712.6257071495056,
      "accuracy": 0.9593709043250328,
      "precision": 0.9616800564285604,
      "recall": 0.9593709043250328,
      "f1_score": 0.9593180725589392,
      "confusion_matrix": [
        [
          380,
          2
        ],
        [
          29,
          352
        ]
      ],
      "historico": {
        "train_loss": [
          0.18993998619247485,
          0.16040764330833587,
          0.15383792270181906,
          0.14713652916467385,
          0.14411204541199674,
          0.13538294847258045,
          0.13167085872253598,
          0.13161771260035973,
          0.12605215443773643,
          0.12925511071923632
        ],
        "train_acc": [
          0.9325467059980335,
          0.9463126843657818,
          0.9480170435922648,
          0.9490003277613898,
          0.9501147164863979,
          0.9512291052114061,
          0.9537856440511308,
          0.9535234349393641,
          0.9558177646673222,
          0.9537856440511308
        ],
        "val_loss": [
          0.13412439683452249,
          0.13267224569184086,
          0.12388465683519219,
          0.12237468099677547,
          0.12666331933966526,
          0.12071395315676152,
          0.12622078897326597,
          0.12965819210512564,
          0.12740692160878098,
          0.11985782425320697
        ],
        "val_acc": [
          0.9580602883355177,
          0.9541284403669725,
          0.9567496723460026,
          0.9580602883355177,
          0.9567496723460026,
          0.9567496723460026,
          0.9567496723460026,
          0.9567496723460026,
          0.9619921363040629,
          0.9593709043250328
        ]
      }
    },
    {
      "fold": 2,
      "tempo_treino": 2081.5387382507324,
      "accuracy": 0.9672346002621232,
      "precision": 0.96865248296145,
      "recall": 0.9672346002621232,
      "f1_score": 0.9672085765298988,
      "confusion_matrix": [
        [
          380,
          2
        ],
        [
          23,
          358
        ]
      ],
      "historico": {
        "train_loss": [
          0.19055395152671672,
          0.16384265600924283,
          0.15960997917037262,
          0.1493616052549352,
          0.14803461577505092,
          0.14049217612062828,
          0.14259761712558772,
          0.13738263240601453,
          0.13469219036581898,
          0.13185799582441585
        ],
        "train_acc": [
          0.9334644378892166,
          0.9425762045231072,
          0.9442150114716487,
          0.9483448049819732,
          0.94664044575549,
          0.9499836119305146,
          0.9500491642084562,
          0.9507702392658145,
          0.9535234349393641,
          0.9528023598820059
        ],
        "val_loss": [
          0.1284791510552168,
          0.11844880141628285,
          0.11317318538203835,
          0.12922588997753337,
          0.10229989459427695,
          0.1077833438757807,
          0.1233893937120835,
          0.12475731505158667,
          0.11555757156262796,
          0.10433883472190549
        ],
        "val_acc": [
          0.9554390563564875,
          0.9619921363040629,
          0.9646133682830931,
          0.9593709043250328,
          0.9646133682830931,
          0.9606815203145478,
          0.9541284403669725,
          0.9580602883355177,
          0.9619921363040629,
          0.9672346002621232
        ]
      }
    },
    {
      "fold": 3,
      "tempo_treino": 1405.9525270462036,
      "accuracy": 0.963302752293578,
      "precision": 0.9658150333101546,
      "recall": 0.963302752293578,
      "f1_score": 0.963255037792914,
      "confusion_matrix": [
        [
          381,
          0
        ],
        [
          28,
          354
        ]
      ],
      "historico": {
        "train_loss": [
          0.19432691650697473,
          0.16433210059169648,
          0.15788165199281393,
          0.14736069623499023,
          0.14667518013811023,
          0.13552169824986518,
          0.1380310848826812,
          0.13382012275095437,
          0.13267623295053738,
          0.12790656834767558
        ],
        "train_acc": [
          0.9314978695509669,
          0.9415273680760406,
          0.9443461160275319,
          0.9496558505408063,
          0.9474926253687316,
          0.9528679121599476,
          0.9512946574893477,
          0.9529990167158309,
          0.952212389380531,
          0.9542445099967224
        ],
        "val_loss": [
          0.12795724774089953,
          0.12191753108830501,
          0.13075138007601103,
          0.1450683685252443,
          0.11250325416525205,
          0.11775238206610084,
          0.1137862882266442,
          0.11081106297206134,
          0.10538503411225975,
          0.12361117949088414
        ],
        "val_acc": [
          0.963302752293578,
          0.9606815203145478,
          0.9606815203145478,
          0.9580602883355177,
          0.9646133682830931,
          0.9646133682830931,
          0.963302752293578,
          0.963302752293578,
          0.9659239842726082,
          0.963302752293578
        ]
      }
    },
    {
      "fold": 4,
      "tempo_treino": 1404.5891377925873,
      "accuracy": 0.9646133682830931,
      "precision": 0.9657708173116848,
      "recall": 0.9646133682830931,
      "f1_score": 0.9645925685373752,
      "confusion_matrix": [
        [
          377,
          4
        ],
        [
          23,
          359
        ]
      ],
      "historico": {
        "train_loss": [
          0.18808416433854955,
          0.16292042256502798,
          0.14811640030526765,
          0.14025979807485184,
          0.14691381908873138,
          0.14013792582898862,
          0.13492734623395405,
          0.13485240596795622,
          0.1299575167240485,
          0.12988022638438954
        ],
        "train_acc": [
          0.9331366764995084,
          0.9434283841363488,
          0.9483448049819732,
          0.9497869550966896,
          0.9506391347099312,
          0.9502458210422812,
          0.9519501802687643,
          0.9522779416584727,
          0.954506719108489,
          0.9543756145526057
        ],
        "val_loss": [
          0.12136290175840259,
          0.10938356126037736,
          0.13818781023534635,
          0.10602965415455401,
          0.11706958167875807,
          0.11213346054622282,
          0.14893863645071784,
          0.10748611289697389,
          0.12517174775712192,
          0.11800223068955044
        ],
        "val_acc": [
          0.9606815203145478,
          0.9659239842726082,
          0.9541284403669725,
          0.9685452162516383,
          0.963302752293578,
          0.963302752293578,
          0.9580602883355177,
          0.9672346002621232,
          0.963302752293578,
          0.9646133682830931
        ]
      }
    },
    {
      "fold": 5,
      "tempo_treino": 7544.515575647354,
      "accuracy": 0.9658792650918635,
      "precision": 0.9674378097417006,
      "recall": 0.9658792650918635,
      "f1_score": 0.9658507997793713,
      "confusion_matrix": [
        [
          379,
          2
        ],
        [
          24,
          357
        ]
      ],
      "historico": {
        "train_loss": [
          0.18676043092614855,
          0.1550254697436262,
          0.14546214997113352,
          0.1448698374101076,
          0.14210750016801652,
          0.13740927420128957,
          0.13660942286934383,
          0.12669079955686782,
          0.1266413107128771,
          0.1280341082639637
        ],