{
  "resumo": {
    "status": "concluido",
    "modelo_base": "efficientnet_b4",
    "modelo_treinado": "F:\\modelos_salvos\\classificador_2classes_meus_public_50_50\\melhor_modelo.pth",
    "dataset": "F:\\dataset_2classes_meus_public_50_50",
    "dispositivo": "cuda",
    "epocas_treinadas": 10,
    "tempo_total_seg": 3176.87
  },
  "metricas_finais": {
    "train_loss": 0.03299521822112069,
    "train_acc": 0.9865067466266867,
    "val_loss": 0.11416429753808188,
    "val_acc": 0.9667832167832168
  },
  "historico_completo": {
    "epocas": [
      1,
      2,
      3,
      4,
      5,
      6,
      7,
      8,
      9,
      10
    ],
    "train_loss": [
      0.18797742848181373,
      0.13450723992971547,
      0.10757562102584209,
      0.09995479074864115,
      0.07935132838692785,
      0.06376602966221305,
      0.044357428554119005,
      0.04304976744958209,
      0.041468709292710265,
      0.03299521822112069
    ],
    "train_acc": [
      0.9254122938530734,
      0.952023988005997,
      0.9628935532233883,
      0.9651424287856072,
      0.9707646176911544,
      0.9741379310344828,
      0.9831334332833583,
      0.9846326836581709,
      0.9842578710644677,
      0.9865067466266867
    ],
    "val_loss": [
      0.10918710013987681,
      0.12112783987267488,
      0.12644501870575672,
      0.10210194132782202,
      0.12011318469740034,
      0.10925812480854757,
      0.1106766380075308,
      0.11258807428627421,
      0.12047505653754248,
      0.11416429753808188
    ],
    "val_acc": [
      0.9685314685314685,
      0.9597902097902098,
      0.951048951048951,
      0.9702797202797203,
      0.9632867132867133,
      0.9667832167832168,
      0.9737762237762237,
      0.9685314685314685,
      0.9685314685314685,
      0.9667832167832168
    ]
  },
  "metricas_teste": {
    "limpo": {
      "precision": 0.9562289562289562,
      "recall": 0.9895470383275261,
      "f1-score": 0.9726027397260274,
      "support": 287.0
    },
    "sujo": {
      "precision": 0.9891696750902527,
      "recall": 0.9547038327526133,
      "f1-score": 0.9716312056737588,
      "support": 287.0
    },
    "accuracy": 0.9721254355400697,
    "macro avg": {
      "precision": 0.9726993156596044,
      "recall": 0.9721254355400697,
      "f1-score": 0.9721169726998931,
      "support": 574.0
    },
    "weighted avg": {
      "precision": 0.9726993156596045,
      "recall": 0.9721254355400697,
      "f1-score": 0.9721169726998932,
      "support": 574.0
    }
  },
  "matriz_confusao_teste": [
    [
      284,
      3
    ],
    [
      13,
      274
    ]
  ],
  "hiperparametros": {
    "batch_size": 16,
    "learning_rate": 0.001,
    "weight_decay": 0.0001,
    "optimizer": "AdamW",
    "scheduler": "ReduceLROnPlateau",
    "early_stopping_patience": 10
  }
}